{"cameraMode":{"drawMode":0,"name":"Shaded","section":"Shading Mode"},"sceneLighting":true,"audioPlay":false,"sceneViewState":{"m_AlwaysRefresh":false,"showFog":true,"showSkybox":true,"showFlares":true,"showImageEffects":true,"showParticleSystems":true,"showVisualEffectGraphs":true,"m_FxEnabled":true},"in2DMode":false,"pivot":{"x":0.9400263428688049,"y":0.11253559589385987,"z":-1.8546209335327149},"rotation":{"x":-0.10660075396299362,"y":-0.0038802968338131906,"z":0.0003959188179578632,"w":-0.9942502379417419},"size":2.2112503051757814,"orthographic":false}